task_instance_id,task_definition_id,task_name,task_scope,task_status,station_id,station_name,worker_id,worker_name,work_order_id,project_name,house_identifier,house_type_id,house_type_name,module_number,work_unit_id,panel_unit_id,panel_definition_id,panel_code,started_at,completed_at,duration_minutes,pause_minutes
1,1,Armado Panel,panel,Completed,1,Framing,2,Luis Eugenio Gonzalez Opazo,900000,Synthetic-1,SYN-1-01,1,TH Jardines,1,1000000,1100000,9,C-07,2026-01-13 08:00:00,2026-01-13 08:26:45.600000,26.76,0.0
2,2,Instalación nylon y planchas,panel,Completed,2,Mesa 1,2,Luis Eugenio Gonzalez Opazo,900000,Synthetic-1,SYN-1-01,1,TH Jardines,1,1000000,1100000,9,C-07,2026-01-13 08:26:45.600000,2026-01-13 08:36:34.200000,9.81,0.0
3,7,Corcheteado Puente 1,panel,Completed,3,Puente 1,2,Luis Eugenio Gonzalez Opazo,900000,Synthetic-1,SYN-1-01,1,TH Jardines,1,1000000,1100000,9,C-07,2026-01-13 08:36:34.200000,2026-01-13 08:46:10.800000,9.61,0.0
4,6,Fijación de planchas y revisión de dilatación,panel,Completed,3,Puente 1,4,Yerko Alexander Paredes Astorga,900000,Synthetic-1,SYN-1-01,1,TH Jardines,1,1000000,1100000,9,C-07,2026-01-13 08:46:10.800000,2026-01-13 08:52:52.800000,6.7,0.0
5,8,Retape de Corchetes,panel,Completed,4,Mesa 2,14,Eduardo Andres Ormeño Parra,900000,Synthetic-1,SYN-1-01,1,TH Jardines,1,1000000,1100000,9,C-07,2026-01-13 08:52:52.800000,2026-01-13 09:03:32.400000,10.66,0.0
6,9,Fresado Puente 2 y Instalación cajas azules,panel,Completed,5,Puente 2,14,Eduardo Andres Ormeño Parra,900000,Synthetic-1,SYN-1-01,1,TH Jardines,1,1000000,1100000,9,C-07,2026-01-13 09:03:32.400000,2026-01-13 09:11:28.200000,7.93,0.0
7,20,Colgar panel en magazine ,panel,Completed,9,Puente 4,9,Francisco Manuel Cares Riquelme,900000,Synthetic-1,SYN-1-01,1,TH Jardines,1,1000000,1100000,9,C-07,2026-01-13 09:11:28.200000,2026-01-13 09:19:46.800000,8.31,0.0
8,1,Armado Panel,panel,Completed,1,Framing,1,Jonathan Miguel Iturra Barrientos,900000,Synthetic-1,SYN-1-01,1,TH Jardines,1,1000000,1100001,10,MW-1 (M-03 + F-02),2026-01-13 08:26:45.600000,2026-01-13 08:47:22.200000,20.61,0.0
9,2,Instalación nylon y planchas,panel,Completed,2,Mesa 1,13,Jonathan Alexis Budaleo Alarcon,900000,Synthetic-1,SYN-1-01,1,TH Jardines,1,1000000,1100001,10,MW-1 (M-03 + F-02),2026-01-13 08:47:22.200000,2026-01-13 08:59:46.800000,12.41,0.0
10,7,Corcheteado Puente 1,panel,Completed,3,Puente 1,3,Juan Miguel Jara Lafargue,900000,Synthetic-1,SYN-1-01,1,TH Jardines,1,1000000,1100001,10,MW-1 (M-03 + F-02),2026-01-13 08:59:46.800000,2026-01-13 09:09:46.800000,10.0,0.0
11,6,Fijación de planchas y revisión de dilatación,panel,Completed,3,Puente 1,12,Oscar Enrique Pincheira Osses,900000,Synthetic-1,SYN-1-01,1,TH Jardines,1,1000000,1100001,10,MW-1 (M-03 + F-02),2026-01-13 09:09:46.800000,2026-01-13 09:21:28.200000,11.69,0.0
12,8,Retape de Corchetes,panel,Completed,4,Mesa 2,6,Juan Alex Elias Troncoso Cifuentes,900000,Synthetic-1,SYN-1-01,1,TH Jardines,1,1000000,1100001,10,MW-1 (M-03 + F-02),2026-01-13 09:21:28.200000,2026-01-13 09:31:31.200000,10.05,0.0
13,9,Fresado Puente 2 y Instalación cajas azules,panel,Completed,5,Puente 2,6,Juan Alex Elias Troncoso Cifuentes,900000,Synthetic-1,SYN-1-01,1,TH Jardines,1,1000000,1100001,10,MW-1 (M-03 + F-02),2026-01-13 09:31:31.200000,2026-01-13 09:41:15,9.73,0.0
14,16,Fresado PLA,panel,Completed,7,Puente 3,9,Francisco Manuel Cares Riquelme,900000,Synthetic-1,SYN-1-01,1,TH Jardines,1,1000000,1100001,10,MW-1 (M-03 + F-02),2026-01-13 09:41:15,2026-01-13 09:47:57.600000,6.71,0.0
15,13,Instalación de lana,panel,Completed,7,Puente 3,11,Sergio Alejandro Reyes Fuentealba,900000,Synthetic-1,SYN-1-01,1,TH Jardines,1,1000000,1100001,10,MW-1 (M-03 + F-02),2026-01-13 09:47:57.600000,2026-01-13 09:59:09.600000,11.2,0.0
16,14,Instalación y fijación de planchas OSB,panel,Completed,7,Puente 3,9,Francisco Manuel Cares Riquelme,900000,Synthetic-1,SYN-1-01,1,TH Jardines,1,1000000,1100001,10,MW-1 (M-03 + F-02),2026-01-13 09:59:09.600000,2026-01-13 10:13:00.600000,13.85,0.0
17,20,Colgar panel en magazine ,panel,Completed,9,Puente 4,10,Alvaro Esteban Capilla Villarreol,900000,Synthetic-1,SYN-1-01,1,TH Jardines,1,1000000,1100001,10,MW-1 (M-03 + F-02),2026-01-13 10:13:00.600000,2026-01-13 10:21:15.600000,8.25,0.0
18,1,Armado Panel,panel,Completed,1,Framing,2,Luis Eugenio Gonzalez Opazo,900000,Synthetic-1,SYN-1-01,1,TH Jardines,1,1000000,1100002,11,"MW-2 (M-05, F-04)",2026-01-13 08:47:22.200000,2026-01-13 09:14:30,27.13,0.0
19,2,Instalación nylon y planchas,panel,Completed,2,Mesa 1,4,Yerko Alexander Paredes Astorga,900000,Synthetic-1,SYN-1-01,1,TH Jardines,1,1000000,1100002,11,"MW-2 (M-05, F-04)",2026-01-13 09:14:30,2026-01-13 09:27:57.600000,13.46,0.0
20,7,Corcheteado Puente 1,panel,Completed,3,Puente 1,2,Luis Eugenio Gonzalez Opazo,900000,Synthetic-1,SYN-1-01,1,TH Jardines,1,1000000,1100002,11,"MW-2 (M-05, F-04)",2026-01-13 09:27:57.600000,2026-01-13 09:36:13.200000,8.26,0.0
21,6,Fijación de planchas y revisión de dilatación,panel,Completed,3,Puente 1,4,Yerko Alexander Paredes Astorga,900000,Synthetic-1,SYN-1-01,1,TH Jardines,1,1000000,1100002,11,"MW-2 (M-05, F-04)",2026-01-13 09:36:13.200000,2026-01-13 09:51:12,14.98,0.0
22,8,Retape de Corchetes,panel,Completed,4,Mesa 2,5,Jorge Dan Jara Domínguez,900000,Synthetic-1,SYN-1-01,1,TH Jardines,1,1000000,1100002,11,"MW-2 (M-05, F-04)",2026-01-13 09:51:12,2026-01-13 09:59:43.200000,8.52,0.0
23,9,Fresado Puente 2 y Instalación cajas azules,panel,Completed,5,Puente 2,5,Jorge Dan Jara Domínguez,900000,Synthetic-1,SYN-1-01,1,TH Jardines,1,1000000,1100002,11,"MW-2 (M-05, F-04)",2026-01-13 09:59:43.200000,2026-01-13 10:12:52.200000,13.15,0.0
24,16,Fresado PLA,panel,Completed,7,Puente 3,11,Sergio Alejandro Reyes Fuentealba,900000,Synthetic-1,SYN-1-01,1,TH Jardines,1,1000000,1100002,11,"MW-2 (M-05, F-04)",2026-01-13 10:13:00.600000,2026-01-13 10:21:39,8.64,0.0
25,13,Instalación de lana,panel,Completed,7,Puente 3,9,Francisco Manuel Cares Riquelme,900000,Synthetic-1,SYN-1-01,1,TH Jardines,1,1000000,1100002,11,"MW-2 (M-05, F-04)",2026-01-13 10:21:39,2026-01-13 10:34:01.200000,12.37,0.0
26,14,Instalación y fijación de planchas OSB,panel,Completed,7,Puente 3,11,Sergio Alejandro Reyes Fuentealba,900000,Synthetic-1,SYN-1-01,1,TH Jardines,1,1000000,1100002,11,"MW-2 (M-05, F-04)",2026-01-13 10:34:01.200000,2026-01-13 10:47:30.600000,13.49,0.0
27,20,Colgar panel en magazine ,panel,Completed,9,Puente 4,8,Alejandro Alexis Palma Zenteno,900000,Synthetic-1,SYN-1-01,1,TH Jardines,1,1000000,1100002,11,"MW-2 (M-05, F-04)",2026-01-13 10:47:30.600000,2026-01-13 10:56:39,9.14,0.0
28,1,Armado Panel,panel,Completed,1,Framing,1,Jonathan Miguel Iturra Barrientos,900000,Synthetic-1,SYN-1-01,1,TH Jardines,1,1000000,1100003,12,"MW-3 (T-06, T-07, T-08)",2026-01-13 09:14:30,2026-01-13 09:31:53.400000,17.39,0.0
29,2,Instalación nylon y planchas,panel,Completed,2,Mesa 1,12,Oscar Enrique Pincheira Osses,900000,Synthetic-1,SYN-1-01,1,TH Jardines,1,1000000,1100003,12,"MW-3 (T-06, T-07, T-08)",2026-01-13 09:31:53.400000,2026-01-13 09:42:27.600000,10.57,0.0
30,7,Corcheteado Puente 1,panel,Completed,3,Puente 1,3,Juan Miguel Jara Lafargue,900000,Synthetic-1,SYN-1-01,1,TH Jardines,1,1000000,1100003,12,"MW-3 (T-06, T-07, T-08)",2026-01-13 09:51:12,2026-01-13 09:59:58.800000,8.78,0.0
31,6,Fijación de planchas y revisión de dilatación,panel,Completed,3,Puente 1,12,Oscar Enrique Pincheira Osses,900000,Synthetic-1,SYN-1-01,1,TH Jardines,1,1000000,1100003,12,"MW-3 (T-06, T-07, T-08)",2026-01-13 09:59:58.800000,2026-01-13 10:07:30.600000,7.53,0.0
32,8,Retape de Corchetes,panel,Completed,4,Mesa 2,14,Eduardo Andres Ormeño Parra,900000,Synthetic-1,SYN-1-01,1,TH Jardines,1,1000000,1100003,12,"MW-3 (T-06, T-07, T-08)",2026-01-13 10:07:30.600000,2026-01-13 10:19:15,11.74,0.0
33,9,Fresado Puente 2 y Instalación cajas azules,panel,Completed,5,Puente 2,7,Pedro Ángel Cea Arias,900000,Synthetic-1,SYN-1-01,1,TH Jardines,1,1000000,1100003,12,"MW-3 (T-06, T-07, T-08)",2026-01-13 10:19:15,2026-01-13 10:29:22.800000,10.13,0.0
34,15,Corcheteado PLA,panel,Completed,7,Puente 3,9,Francisco Manuel Cares Riquelme,900000,Synthetic-1,SYN-1-01,1,TH Jardines,1,1000000,1100003,12,"MW-3 (T-06, T-07, T-08)",2026-01-13 10:47:30.600000,2026-01-13 10:58:44.400000,11.23,0.0
35,16,Fresado PLA,panel,Completed,7,Puente 3,11,Sergio Alejandro Reyes Fuentealba,900000,Synthetic-1,SYN-1-01,1,TH Jardines,1,1000000,1100003,12,"MW-3 (T-06, T-07, T-08)",2026-01-13 10:58:44.400000,2026-01-13 11:09:24,10.66,0.0
36,22,Instalación Plancha de MDP,panel,Completed,7,Puente 3,9,Francisco Manuel Cares Riquelme,900000,Synthetic-1,SYN-1-01,1,TH Jardines,1,1000000,1100003,12,"MW-3 (T-06, T-07, T-08)",2026-01-13 11:09:24,2026-01-13 11:23:25.200000,14.02,0.0
37,20,Colgar panel en magazine ,panel,Completed,9,Puente 4,11,Sergio Alejandro Reyes Fuentealba,900000,Synthetic-1,SYN-1-01,1,TH Jardines,1,1000000,1100003,12,"MW-3 (T-06, T-07, T-08)",2026-01-13 11:23:25.200000,2026-01-13 11:32:07.800000,8.71,0.0
38,18,Retape de corchetes PLA,panel,Completed,9,Puente 4,9,Francisco Manuel Cares Riquelme,900000,Synthetic-1,SYN-1-01,1,TH Jardines,1,1000000,1100003,12,"MW-3 (T-06, T-07, T-08)",2026-01-13 11:32:07.800000,2026-01-13 11:44:28.800000,12.35,0.0
39,1,Armado Panel,panel,Completed,1,Framing,2,Luis Eugenio Gonzalez Opazo,900000,Synthetic-1,SYN-1-01,1,TH Jardines,1,1000000,1100004,14,T-06,2026-01-13 09:31:53.400000,2026-01-13 09:42:27,10.56,0.0
40,2,Instalación nylon y planchas,panel,Completed,2,Mesa 1,2,Luis Eugenio Gonzalez Opazo,900000,Synthetic-1,SYN-1-01,1,TH Jardines,1,1000000,1100004,14,T-06,2026-01-13 09:42:27.600000,2026-01-13 09:50:01.200000,7.56,0.0
41,7,Corcheteado Puente 1,panel,Completed,3,Puente 1,2,Luis Eugenio Gonzalez Opazo,900000,Synthetic-1,SYN-1-01,1,TH Jardines,1,1000000,1100004,14,T-06,2026-01-13 10:07:30.600000,2026-01-13 10:21:31.200000,14.01,0.0
42,6,Fijación de planchas y revisión de dilatación,panel,Completed,3,Puente 1,4,Yerko Alexander Paredes Astorga,900000,Synthetic-1,SYN-1-01,1,TH Jardines,1,1000000,1100004,14,T-06,2026-01-13 10:21:31.200000,2026-01-13 10:28:37.200000,7.1,0.0
43,8,Retape de Corchetes,panel,Completed,4,Mesa 2,6,Juan Alex Elias Troncoso Cifuentes,900000,Synthetic-1,SYN-1-01,1,TH Jardines,1,1000000,1100004,14,T-06,2026-01-13 10:28:37.200000,2026-01-13 10:37:07.800000,8.51,0.0
44,9,Fresado Puente 2 y Instalación cajas azules,panel,Completed,5,Puente 2,14,Eduardo Andres Ormeño Parra,900000,Synthetic-1,SYN-1-01,1,TH Jardines,1,1000000,1100004,14,T-06,2026-01-13 10:37:07.800000,2026-01-13 10:43:52.800000,6.75,0.0
45,15,Corcheteado PLA,panel,Completed,7,Puente 3,11,Sergio Alejandro Reyes Fuentealba,900000,Synthetic-1,SYN-1-01,1,TH Jardines,1,1000000,1100004,14,T-06,2026-01-13 11:23:25.200000,2026-01-13 11:29:57.600000,6.54,0.0
46,16,Fresado PLA,panel,Completed,7,Puente 3,9,Francisco Manuel Cares Riquelme,900000,Synthetic-1,SYN-1-01,1,TH Jardines,1,1000000,1100004,14,T-06,2026-01-13 11:29:57.600000,2026-01-13 11:37:21,7.39,0.0
47,22,Instalación Plancha de MDP,panel,Completed,7,Puente 3,11,Sergio Alejandro Reyes Fuentealba,900000,Synthetic-1,SYN-1-01,1,TH Jardines,1,1000000,1100004,14,T-06,2026-01-13 11:37:21,2026-01-13 11:47:55.800000,10.58,0.0
48,20,Colgar panel en magazine ,panel,Completed,9,Puente 4,10,Alvaro Esteban Capilla Villarreol,900000,Synthetic-1,SYN-1-01,1,TH Jardines,1,1000000,1100004,14,T-06,2026-01-13 11:47:55.800000,2026-01-13 11:57:16.800000,9.35,0.0
49,18,Retape de corchetes PLA,panel,Completed,9,Puente 4,8,Alejandro Alexis Palma Zenteno,900000,Synthetic-1,SYN-1-01,1,TH Jardines,1,1000000,1100004,14,T-06,2026-01-13 11:57:16.800000,2026-01-13 12:02:58.200000,5.69,0.0
50,1,Armado Panel,panel,Completed,1,Framing,1,Jonathan Miguel Iturra Barrientos,900000,Synthetic-1,SYN-1-01,1,TH Jardines,1,1000000,1100005,13,P-01,2026-01-13 09:42:27,2026-01-13 09:59:50.400000,17.39,0.0
51,3,Instalación Membrana y planchas,panel,Completed,2,Mesa 1,13,Jonathan Alexis Budaleo Alarcon,900000,Synthetic-1,SYN-1-01,1,TH Jardines,1,1000000,1100005,13,P-01,2026-01-13 09:59:50.400000,2026-01-13 10:16:34.800000,16.74,0.0
52,7,Corcheteado Puente 1,panel,Completed,3,Puente 1,3,Juan Miguel Jara Lafargue,900000,Synthetic-1,SYN-1-01,1,TH Jardines,1,1000000,1100005,13,P-01,2026-01-13 10:28:37.200000,2026-01-13 10:36:07.200000,7.5,0.0
53,6,Fijación de planchas y revisión de dilatación,panel,Completed,3,Puente 1,12,Oscar Enrique Pincheira Osses,900000,Synthetic-1,SYN-1-01,1,TH Jardines,1,1000000,1100005,13,P-01,2026-01-13 10:36:07.200000,2026-01-13 10:45:19.200000,9.2,0.0
54,11,Pintura de Piso,panel,Completed,4,Mesa 2,5,Jorge Dan Jara Domínguez,900000,Synthetic-1,SYN-1-01,1,TH Jardines,1,1000000,1100005,13,P-01,2026-01-13 10:45:19.200000,2026-01-13 11:06:15.600000,20.94,0.0
55,12,Instalación de soleras,panel,Completed,5,Puente 2,6,Juan Alex Elias Troncoso Cifuentes,900000,Synthetic-1,SYN-1-01,1,TH Jardines,1,1000000,1100005,13,P-01,2026-01-13 11:06:15.600000,2026-01-13 11:17:15.600000,11.0,0.0
56,13,Instalación de lana,panel,Completed,7,Puente 3,9,Francisco Manuel Cares Riquelme,900000,Synthetic-1,SYN-1-01,1,TH Jardines,1,1000000,1100005,13,P-01,2026-01-13 11:47:55.800000,2026-01-13 11:56:24.600000,8.48,0.0
57,19,Aplicacion de colafria y Fijación de planchas ,panel,Completed,9,Puente 4,11,Sergio Alejandro Reyes Fuentealba,900000,Synthetic-1,SYN-1-01,1,TH Jardines,1,1000000,1100005,13,P-01,2026-01-13 12:02:58.200000,2026-01-13 12:15:39,12.68,0.0
58,23,Clavado Piso PLA,panel,Completed,9,Puente 4,9,Francisco Manuel Cares Riquelme,900000,Synthetic-1,SYN-1-01,1,TH Jardines,1,1000000,1100005,13,P-01,2026-01-13 12:15:39,2026-01-13 12:32:25.200000,16.77,0.0
59,24,Fresado Piso PLA ,panel,Completed,9,Puente 4,10,Alvaro Esteban Capilla Villarreol,900000,Synthetic-1,SYN-1-01,1,TH Jardines,1,1000000,1100005,13,P-01,2026-01-13 12:32:25.200000,2026-01-13 12:35:56.400000,3.52,0.0
60,1,Armado Panel,panel,Completed,1,Framing,2,Luis Eugenio Gonzalez Opazo,900000,Synthetic-1,SYN-1-01,1,TH Jardines,2,1000001,1100006,1,C-12,2026-01-13 09:59:50.400000,2026-01-13 10:19:48,19.96,0.0
61,2,Instalación nylon y planchas,panel,Completed,2,Mesa 1,4,Yerko Alexander Paredes Astorga,900000,Synthetic-1,SYN-1-01,1,TH Jardines,2,1000001,1100006,1,C-12,2026-01-13 10:19:48,2026-01-13 10:34:26.400000,14.64,0.0
62,7,Corcheteado Puente 1,panel,Completed,3,Puente 1,2,Luis Eugenio Gonzalez Opazo,900000,Synthetic-1,SYN-1-01,1,TH Jardines,2,1000001,1100006,1,C-12,2026-01-13 10:45:19.200000,2026-01-13 11:04:43.800000,19.41,0.0
63,6,Fijación de planchas y revisión de dilatación,panel,Completed,3,Puente 1,4,Yerko Alexander Paredes Astorga,900000,Synthetic-1,SYN-1-01,1,TH Jardines,2,1000001,1100006,1,C-12,2026-01-13 11:04:43.800000,2026-01-13 11:15:24,10.67,0.0
64,8,Retape de Corchetes,panel,Completed,4,Mesa 2,14,Eduardo Andres Ormeño Parra,900000,Synthetic-1,SYN-1-01,1,TH Jardines,2,1000001,1100006,1,C-12,2026-01-13 11:15:24,2026-01-13 11:30:06.600000,14.71,0.0
65,9,Fresado Puente 2 y Instalación cajas azules,panel,Completed,5,Puente 2,5,Jorge Dan Jara Domínguez,900000,Synthetic-1,SYN-1-01,1,TH Jardines,2,1000001,1100006,1,C-12,2026-01-13 11:30:06.600000,2026-01-13 11:38:51.600000,8.75,0.0
66,13,Instalación de lana,panel,Completed,7,Puente 3,11,Sergio Alejandro Reyes Fuentealba,900000,Synthetic-1,SYN-1-01,1,TH Jardines,2,1000001,1100006,1,C-12,2026-01-13 11:56:24.600000,2026-01-13 12:06:19.200000,9.91,0.0
67,20,Colgar panel en magazine ,panel,Completed,9,Puente 4,8,Alejandro Alexis Palma Zenteno,900000,Synthetic-1,SYN-1-01,1,TH Jardines,2,1000001,1100006,1,C-12,2026-01-13 12:35:56.400000,2026-01-13 12:42:32.400000,6.6,0.0
68,1,Armado Panel,panel,Completed,1,Framing,1,Jonathan Miguel Iturra Barrientos,900000,Synthetic-1,SYN-1-01,1,TH Jardines,2,1000001,1100007,2,M-03,2026-01-13 10:19:48,2026-01-13 10:35:36,15.8,0.0
69,2,Instalación nylon y planchas,panel,Completed,2,Mesa 1,12,Oscar Enrique Pincheira Osses,900000,Synthetic-1,SYN-1-01,1,TH Jardines,2,1000001,1100007,2,M-03,2026-01-13 10:35:36,2026-01-13 10:45:19.800000,9.73,0.0
70,7,Corcheteado Puente 1,panel,Completed,3,Puente 1,3,Juan Miguel Jara Lafargue,900000,Synthetic-1,SYN-1-01,1,TH Jardines,2,1000001,1100007,2,M-03,2026-01-13 11:15:24,2026-01-13 11:27:02.400000,11.64,0.0
71,6,Fijación de planchas y revisión de dilatación,panel,Completed,3,Puente 1,12,Oscar Enrique Pincheira Osses,900000,Synthetic-1,SYN-1-01,1,TH Jardines,2,1000001,1100007,2,M-03,2026-01-13 11:27:02.400000,2026-01-13 11:38:07.800000,11.09,0.0
72,8,Retape de Corchetes,panel,Completed,4,Mesa 2,6,Juan Alex Elias Troncoso Cifuentes,900000,Synthetic-1,SYN-1-01,1,TH Jardines,2,1000001,1100007,2,M-03,2026-01-13 11:38:07.800000,2026-01-13 11:48:02.400000,9.91,0.0
73,9,Fresado Puente 2 y Instalación cajas azules,panel,Completed,5,Puente 2,7,Pedro Ángel Cea Arias,900000,Synthetic-1,SYN-1-01,1,TH Jardines,2,1000001,1100007,2,M-03,2026-01-13 11:48:02.400000,2026-01-13 11:57:20.400000,9.3,0.0
74,13,Instalación de lana,panel,Completed,7,Puente 3,9,Francisco Manuel Cares Riquelme,900000,Synthetic-1,SYN-1-01,1,TH Jardines,2,1000001,1100007,2,M-03,2026-01-13 12:06:19.200000,2026-01-13 12:16:08.400000,9.82,0.0
75,20,Colgar panel en magazine ,panel,Completed,9,Puente 4,11,Sergio Alejandro Reyes Fuentealba,900000,Synthetic-1,SYN-1-01,1,TH Jardines,2,1000001,1100007,2,M-03,2026-01-13 12:42:32.400000,2026-01-13 12:50:52.800000,8.34,0.0
76,1,Armado Panel,panel,Completed,1,Framing,2,Luis Eugenio Gonzalez Opazo,900000,Synthetic-1,SYN-1-01,1,TH Jardines,2,1000001,1100008,3,M-05,2026-01-13 10:35:36,2026-01-13 10:58:00,22.4,0.0
77,2,Instalación nylon y planchas,panel,Completed,2,Mesa 1,2,Luis Eugenio Gonzalez Opazo,900000,Synthetic-1,SYN-1-01,1,TH Jardines,2,1000001,1100008,3,M-05,2026-01-13 10:58:00,2026-01-13 11:11:38.400000,13.64,0.0
78,7,Corcheteado Puente 1,panel,Completed,3,Puente 1,2,Luis Eugenio Gonzalez Opazo,900000,Synthetic-1,SYN-1-01,1,TH Jardines,2,1000001,1100008,3,M-05,2026-01-13 11:38:07.800000,2026-01-13 11:47:41.400000,9.56,0.0
79,6,Fijación de planchas y revisión de dilatación,panel,Completed,3,Puente 1,4,Yerko Alexander Paredes Astorga,900000,Synthetic-1,SYN-1-01,1,TH Jardines,2,1000001,1100008,3,M-05,2026-01-13 11:47:41.400000,2026-01-13 12:00:04.200000,12.38,0.0
80,8,Retape de Corchetes,panel,Completed,4,Mesa 2,5,Jorge Dan Jara Domínguez,900000,Synthetic-1,SYN-1-01,1,TH Jardines,2,1000001,1100008,3,M-05,2026-01-13 12:00:04.200000,2026-01-13 12:07:49.800000,7.76,0.0
81,9,Fresado Puente 2 y Instalación cajas azules,panel,Completed,5,Puente 2,14,Eduardo Andres Ormeño Parra,900000,Synthetic-1,SYN-1-01,1,TH Jardines,2,1000001,1100008,3,M-05,2026-01-13 12:07:49.800000,2026-01-13 12:14:55.800000,7.1,0.0
82,13,Instalación de lana,panel,Completed,7,Puente 3,11,Sergio Alejandro Reyes Fuentealba,900000,Synthetic-1,SYN-1-01,1,TH Jardines,2,1000001,1100008,3,M-05,2026-01-13 12:16:08.400000,2026-01-13 12:22:48.600000,6.67,0.0
83,20,Colgar panel en magazine ,panel,Completed,9,Puente 4,9,Francisco Manuel Cares Riquelme,900000,Synthetic-1,SYN-1-01,1,TH Jardines,2,1000001,1100008,3,M-05,2026-01-13 12:50:52.800000,2026-01-13 12:58:57.600000,8.08,0.0
84,1,Armado Panel,panel,Completed,1,Framing,1,Jonathan Miguel Iturra Barrientos,900000,Synthetic-1,SYN-1-01,1,TH Jardines,2,1000001,1100009,4,Vigas Cajón,2026-01-13 10:58:00,2026-01-13 11:12:13.200000,14.22,0.0
85,2,Instalación nylon y planchas,panel,Completed,2,Mesa 1,13,Jonathan Alexis Budaleo Alarcon,900000,Synthetic-1,SYN-1-01,1,TH Jardines,2,1000001,1100009,4,Vigas Cajón,2026-01-13 11:12:13.200000,2026-01-13 11:30:31.200000,18.3,0.0
86,7,Corcheteado Puente 1,panel,Completed,3,Puente 1,3,Juan Miguel Jara Lafargue,900000,Synthetic-1,SYN-1-01,1,TH Jardines,2,1000001,1100009,4,Vigas Cajón,2026-01-13 12:00:04.200000,2026-01-13 12:09:53.400000,9.82,0.0
87,6,Fijación de planchas y revisión de dilatación,panel,Completed,3,Puente 1,12,Oscar Enrique Pincheira Osses,900000,Synthetic-1,SYN-1-01,1,TH Jardines,2,1000001,1100009,4,Vigas Cajón,2026-01-13 12:09:53.400000,2026-01-13 12:17:04.200000,7.18,0.0
88,25,Fresado y Corte Viga Cajón,panel,Completed,5,Puente 2,6,Juan Alex Elias Troncoso Cifuentes,900000,Synthetic-1,SYN-1-01,1,TH Jardines,2,1000001,1100009,4,Vigas Cajón,2026-01-13 12:17:04.200000,2026-01-13 12:29:46.200000,12.7,0.0
89,21,Instalación de vigas cajón ,panel,Completed,9,Puente 4,10,Alvaro Esteban Capilla Villarreol,900000,Synthetic-1,SYN-1-01,1,TH Jardines,2,1000001,1100009,4,Vigas Cajón,2026-01-13 12:58:57.600000,2026-01-13 13:14:31.800000,15.57,0.0
90,1,Armado Panel,panel,Completed,1,Framing,2,Luis Eugenio Gonzalez Opazo,900000,Synthetic-1,SYN-1-01,1,TH Jardines,2,1000001,1100010,5,MW-1 (T 06-07-08-09-10-11),2026-01-13 11:12:13.200000,2026-01-13 11:29:45,17.53,0.0
91,2,Instalación nylon y planchas,panel,Completed,2,Mesa 1,4,Yerko Alexander Paredes Astorga,900000,Synthetic-1,SYN-1-01,1,TH Jardines,2,1000001,1100010,5,MW-1 (T 06-07-08-09-10-11),2026-01-13 11:30:31.200000,2026-01-13 11:38:52.800000,8.36,0.0
92,7,Corcheteado Puente 1,panel,Completed,3,Puente 1,2,Luis Eugenio Gonzalez Opazo,900000,Synthetic-1,SYN-1-01,1,TH Jardines,2,1000001,1100010,5,MW-1 (T 06-07-08-09-10-11),2026-01-13 12:17:04.200000,2026-01-13 12:28:43.800000,11.66,0.0
93,6,Fijación de planchas y revisión de dilatación,panel,Completed,3,Puente 1,4,Yerko Alexander Paredes Astorga,900000,Synthetic-1,SYN-1-01,1,TH Jardines,2,1000001,1100010,5,MW-1 (T 06-07-08-09-10-11),2026-01-13 12:28:43.800000,2026-01-13 12:47:00.600000,18.28,0.0
94,8,Retape de Corchetes,panel,Completed,4,Mesa 2,14,Eduardo Andres Ormeño Parra,900000,Synthetic-1,SYN-1-01,1,TH Jardines,2,1000001,1100010,5,MW-1 (T 06-07-08-09-10-11),2026-01-13 12:47:00.600000,2026-01-13 13:00:52.200000,13.86,0.0
95,9,Fresado Puente 2 y Instalación cajas azules,panel,Completed,5,Puente 2,5,Jorge Dan Jara Domínguez,900000,Synthetic-1,SYN-1-01,1,TH Jardines,2,1000001,1100010,5,MW-1 (T 06-07-08-09-10-11),2026-01-13 13:00:52.200000,2026-01-13 13:12:55.200000,12.05,0.0
96,15,Corcheteado PLA,panel,Completed,7,Puente 3,9,Francisco Manuel Cares Riquelme,900000,Synthetic-1,SYN-1-01,1,TH Jardines,2,1000001,1100010,5,MW-1 (T 06-07-08-09-10-11),2026-01-13 13:12:55.200000,2026-01-13 13:22:55.200000,10.0,0.0
97,16,Fresado PLA,panel,Completed,7,Puente 3,11,Sergio Alejandro Reyes Fuentealba,900000,Synthetic-1,SYN-1-01,1,TH Jardines,2,1000001,1100010,5,MW-1 (T 06-07-08-09-10-11),2026-01-13 13:22:55.200000,2026-01-13 13:32:27.600000,9.54,0.0
98,13,Instalación de lana,panel,Completed,7,Puente 3,9,Francisco Manuel Cares Riquelme,900000,Synthetic-1,SYN-1-01,1,TH Jardines,2,1000001,1100010,5,MW-1 (T 06-07-08-09-10-11),2026-01-13 13:32:27.600000,2026-01-13 13:42:04.200000,9.61,0.0
99,22,Instalación Plancha de MDP,panel,Completed,7,Puente 3,11,Sergio Alejandro Reyes Fuentealba,900000,Synthetic-1,SYN-1-01,1,TH Jardines,2,1000001,1100010,5,MW-1 (T 06-07-08-09-10-11),2026-01-13 13:42:04.200000,2026-01-13 13:58:24,16.33,0.0
100,20,Colgar panel en magazine ,panel,Completed,9,Puente 4,8,Alejandro Alexis Palma Zenteno,900000,Synthetic-1,SYN-1-01,1,TH Jardines,2,1000001,1100010,5,MW-1 (T 06-07-08-09-10-11),2026-01-13 13:58:24,2026-01-13 14:08:01.200000,9.62,0.0
101,18,Retape de corchetes PLA,panel,Completed,9,Puente 4,11,Sergio Alejandro Reyes Fuentealba,900000,Synthetic-1,SYN-1-01,1,TH Jardines,2,1000001,1100010,5,MW-1 (T 06-07-08-09-10-11),2026-01-13 14:08:01.200000,2026-01-13 14:23:33,15.53,0.0
102,1,Armado Panel,panel,Completed,1,Framing,1,Jonathan Miguel Iturra Barrientos,900000,Synthetic-1,SYN-1-01,1,TH Jardines,2,1000001,1100011,6,F-02,2026-01-13 11:29:45,2026-01-13 11:39:36.600000,9.86,0.0
103,2,Instalación nylon y planchas,panel,Completed,2,Mesa 1,12,Oscar Enrique Pincheira Osses,900000,Synthetic-1,SYN-1-01,1,TH Jardines,2,1000001,1100011,6,F-02,2026-01-13 11:39:36.600000,2026-01-13 11:50:43.800000,11.12,0.0
104,7,Corcheteado Puente 1,panel,Completed,3,Puente 1,3,Juan Miguel Jara Lafargue,900000,Synthetic-1,SYN-1-01,1,TH Jardines,2,1000001,1100011,6,F-02,2026-01-13 12:47:00.600000,2026-01-13 12:56:24,9.39,0.0
105,6,Fijación de planchas y revisión de dilatación,panel,Completed,3,Puente 1,12,Oscar Enrique Pincheira Osses,900000,Synthetic-1,SYN-1-01,1,TH Jardines,2,1000001,1100011,6,F-02,2026-01-13 12:56:24,2026-01-13 13:05:06,8.7,0.0
106,8,Retape de Corchetes,panel,Completed,4,Mesa 2,6,Juan Alex Elias Troncoso Cifuentes,900000,Synthetic-1,SYN-1-01,1,TH Jardines,2,1000001,1100011,6,F-02,2026-01-13 13:05:06,2026-01-13 13:14:10.200000,9.07,0.0
107,9,Fresado Puente 2 y Instalación cajas azules,panel,Completed,5,Puente 2,7,Pedro Ángel Cea Arias,900000,Synthetic-1,SYN-1-01,1,TH Jardines,2,1000001,1100011,6,F-02,2026-01-13 13:14:10.200000,2026-01-13 13:21:37.800000,7.46,0.0
108,16,Fresado PLA,panel,Completed,7,Puente 3,9,Francisco Manuel Cares Riquelme,900000,Synthetic-1,SYN-1-01,1,TH Jardines,2,1000001,1100011,6,F-02,2026-01-13 13:58:24,2026-01-13 14:06:16.200000,7.87,0.0
109,13,Instalación de lana,panel,Completed,7,Puente 3,11,Sergio Alejandro Reyes Fuentealba,900000,Synthetic-1,SYN-1-01,1,TH Jardines,2,1000001,1100011,6,F-02,2026-01-13 14:06:16.200000,2026-01-13 14:15:27,9.18,0.0
110,14,Instalación y fijación de planchas OSB,panel,Completed,7,Puente 3,9,Francisco Manuel Cares Riquelme,900000,Synthetic-1,SYN-1-01,1,TH Jardines,2,1000001,1100011,6,F-02,2026-01-13 14:15:27,2026-01-13 14:30:09.600000,14.71,0.0
111,20,Colgar panel en magazine ,panel,Completed,9,Puente 4,9,Francisco Manuel Cares Riquelme,900000,Synthetic-1,SYN-1-01,1,TH Jardines,2,1000001,1100011,6,F-02,2026-01-13 14:30:09.600000,2026-01-13 14:38:32.400000,8.38,0.0
112,1,Armado Panel,panel,Completed,1,Framing,2,Luis Eugenio Gonzalez Opazo,900000,Synthetic-1,SYN-1-01,1,TH Jardines,2,1000001,1100012,7,F-04,2026-01-13 11:39:36.600000,2026-01-13 11:53:40.200000,14.06,0.0
113,2,Instalación nylon y planchas,panel,Completed,2,Mesa 1,2,Luis Eugenio Gonzalez Opazo,900000,Synthetic-1,SYN-1-01,1,TH Jardines,2,1000001,1100012,7,F-04,2026-01-13 11:53:40.200000,2026-01-13 11:58:45.600000,5.09,0.0
114,7,Corcheteado Puente 1,panel,Completed,3,Puente 1,2,Luis Eugenio Gonzalez Opazo,900000,Synthetic-1,SYN-1-01,1,TH Jardines,2,1000001,1100012,7,F-04,2026-01-13 13:05:06,2026-01-13 13:13:46.200000,8.67,0.0
115,6,Fijación de planchas y revisión de dilatación,panel,Completed,3,Puente 1,4,Yerko Alexander Paredes Astorga,900000,Synthetic-1,SYN-1-01,1,TH Jardines,2,1000001,1100012,7,F-04,2026-01-13 13:13:46.200000,2026-01-13 13:21:22.200000,7.6,0.0
116,8,Retape de Corchetes,panel,Completed,4,Mesa 2,5,Jorge Dan Jara Domínguez,900000,Synthetic-1,SYN-1-01,1,TH Jardines,2,1000001,1100012,7,F-04,2026-01-13 13:21:22.200000,2026-01-13 13:31:53.400000,10.52,0.0
117,16,Fresado PLA,panel,Completed,7,Puente 3,11,Sergio Alejandro Reyes Fuentealba,900000,Synthetic-1,SYN-1-01,1,TH Jardines,2,1000001,1100012,7,F-04,2026-01-13 14:30:09.600000,2026-01-13 14:39:34.200000,9.41,0.0
118,13,Instalación de lana,panel,Completed,7,Puente 3,9,Francisco Manuel Cares Riquelme,900000,Synthetic-1,SYN-1-01,1,TH Jardines,2,1000001,1100012,7,F-04,2026-01-13 14:39:34.200000,2026-01-13 14:48:41.400000,9.12,0.0
119,14,Instalación y fijación de planchas OSB,panel,Completed,7,Puente 3,11,Sergio Alejandro Reyes Fuentealba,900000,Synthetic-1,SYN-1-01,1,TH Jardines,2,1000001,1100012,7,F-04,2026-01-13 14:48:41.400000,2026-01-13 15:00:58.200000,12.28,0.0
120,20,Colgar panel en magazine ,panel,Completed,9,Puente 4,10,Alvaro Esteban Capilla Villarreol,900000,Synthetic-1,SYN-1-01,1,TH Jardines,2,1000001,1100012,7,F-04,2026-01-13 15:00:58.200000,2026-01-13 15:07:39,6.68,0.0
121,1,Armado Panel,panel,Completed,1,Framing,1,Jonathan Miguel Iturra Barrientos,900000,Synthetic-1,SYN-1-01,1,TH Jardines,2,1000001,1100013,8,P-01,2026-01-13 11:53:40.200000,2026-01-13 12:21:03,27.38,0.0
122,4,Instalación ángulos y sus fijaciones,panel,Completed,2,Mesa 1,13,Jonathan Alexis Budaleo Alarcon,900000,Synthetic-1,SYN-1-01,1,TH Jardines,2,1000001,1100013,8,P-01,2026-01-13 12:21:03,2026-01-13 12:47:09,26.1,0.0
123,12,Instalación de soleras,panel,Completed,5,Puente 2,14,Eduardo Andres Ormeño Parra,900000,Synthetic-1,SYN-1-01,1,TH Jardines,2,1000001,1100013,8,P-01,2026-01-13 13:21:37.800000,2026-01-13 13:30:41.400000,9.06,0.0
124,16,Fresado PLA,panel,Completed,7,Puente 3,9,Francisco Manuel Cares Riquelme,900000,Synthetic-1,SYN-1-01,1,TH Jardines,2,1000001,1100013,8,P-01,2026-01-13 15:00:58.200000,2026-01-13 15:27:16.800000,26.31,0.0
125,19,Aplicacion de colafria y Fijación de planchas ,panel,Completed,9,Puente 4,8,Alejandro Alexis Palma Zenteno,900000,Synthetic-1,SYN-1-01,1,TH Jardines,2,1000001,1100013,8,P-01,2026-01-13 15:27:16.800000,2026-01-13 15:39:25.200000,12.14,0.0
126,24,Fresado Piso PLA ,panel,Completed,9,Puente 4,11,Sergio Alejandro Reyes Fuentealba,900000,Synthetic-1,SYN-1-01,1,TH Jardines,2,1000001,1100013,8,P-01,2026-01-13 15:39:25.200000,2026-01-13 15:46:26.400000,7.02,0.0
127,23,Clavado Piso PLA,panel,Completed,9,Puente 4,9,Francisco Manuel Cares Riquelme,900000,Synthetic-1,SYN-1-01,1,TH Jardines,2,1000001,1100013,8,P-01,2026-01-13 15:46:26.400000,2026-01-13 15:59:55.200000,13.48,0.0
128,1,Armado Panel,panel,Completed,1,Framing,2,Luis Eugenio Gonzalez Opazo,900001,Synthetic-1,SYN-1-02,1,TH Jardines,1,1000002,1100014,9,C-07,2026-01-13 12:21:03,2026-01-13 12:38:41.400000,17.64,0.0
129,2,Instalación nylon y planchas,panel,Completed,2,Mesa 1,4,Yerko Alexander Paredes Astorga,900001,Synthetic-1,SYN-1-02,1,TH Jardines,1,1000002,1100014,9,C-07,2026-01-13 12:47:09,2026-01-13 12:54:54.600000,7.76,0.0
130,7,Corcheteado Puente 1,panel,Completed,3,Puente 1,3,Juan Miguel Jara Lafargue,900001,Synthetic-1,SYN-1-02,1,TH Jardines,1,1000002,1100014,9,C-07,2026-01-13 13:21:22.200000,2026-01-13 13:30:36,9.23,0.0
131,6,Fijación de planchas y revisión de dilatación,panel,Completed,3,Puente 1,12,Oscar Enrique Pincheira Osses,900001,Synthetic-1,SYN-1-02,1,TH Jardines,1,1000002,1100014,9,C-07,2026-01-13 13:30:36,2026-01-13 13:37:30.600000,6.91,0.0
132,8,Retape de Corchetes,panel,Completed,4,Mesa 2,14,Eduardo Andres Ormeño Parra,900001,Synthetic-1,SYN-1-02,1,TH Jardines,1,1000002,1100014,9,C-07,2026-01-13 13:37:30.600000,2026-01-13 13:49:24.600000,11.9,0.0
133,9,Fresado Puente 2 y Instalación cajas azules,panel,Completed,5,Puente 2,6,Juan Alex Elias Troncoso Cifuentes,900001,Synthetic-1,SYN-1-02,1,TH Jardines,1,1000002,1100014,9,C-07,2026-01-13 13:49:24.600000,2026-01-13 13:56:32.400000,7.13,0.0
134,20,Colgar panel en magazine ,panel,Completed,9,Puente 4,10,Alvaro Esteban Capilla Villarreol,900001,Synthetic-1,SYN-1-02,1,TH Jardines,1,1000002,1100014,9,C-07,2026-01-13 15:59:55.200000,2026-01-13 16:08:46.200000,8.85,0.0
135,1,Armado Panel,panel,Completed,1,Framing,1,Jonathan Miguel Iturra Barrientos,900001,Synthetic-1,SYN-1-02,1,TH Jardines,1,1000002,1100015,10,MW-1 (M-03 + F-02),2026-01-13 12:38:41.400000,2026-01-13 12:59:45.600000,21.07,0.0
136,2,Instalación nylon y planchas,panel,Completed,2,Mesa 1,12,Oscar Enrique Pincheira Osses,900001,Synthetic-1,SYN-1-02,1,TH Jardines,1,1000002,1100015,10,MW-1 (M-03 + F-02),2026-01-13 12:59:45.600000,2026-01-13 13:13:47.400000,14.03,0.0
137,7,Corcheteado Puente 1,panel,Completed,3,Puente 1,2,Luis Eugenio Gonzalez Opazo,900001,Synthetic-1,SYN-1-02,1,TH Jardines,1,1000002,1100015,10,MW-1 (M-03 + F-02),2026-01-13 13:37:30.600000,2026-01-13 13:47:24.600000,9.9,0.0
138,6,Fijación de planchas y revisión de dilatación,panel,Completed,3,Puente 1,4,Yerko Alexander Paredes Astorga,900001,Synthetic-1,SYN-1-02,1,TH Jardines,1,1000002,1100015,10,MW-1 (M-03 + F-02),2026-01-13 13:47:24.600000,2026-01-13 13:58:17.400000,10.88,0.0
139,8,Retape de Corchetes,panel,Completed,4,Mesa 2,6,Juan Alex Elias Troncoso Cifuentes,900001,Synthetic-1,SYN-1-02,1,TH Jardines,1,1000002,1100015,10,MW-1 (M-03 + F-02),2026-01-13 13:58:17.400000,2026-01-13 14:09:26.400000,11.15,0.0
140,9,Fresado Puente 2 y Instalación cajas azules,panel,Completed,5,Puente 2,5,Jorge Dan Jara Domínguez,900001,Synthetic-1,SYN-1-02,1,TH Jardines,1,1000002,1100015,10,MW-1 (M-03 + F-02),2026-01-13 14:09:26.400000,2026-01-13 14:21:37.800000,12.19,0.0
141,16,Fresado PLA,panel,Completed,7,Puente 3,11,Sergio Alejandro Reyes Fuentealba,900001,Synthetic-1,SYN-1-02,1,TH Jardines,1,1000002,1100015,10,MW-1 (M-03 + F-02),2026-01-13 15:27:16.800000,2026-01-13 15:36:09.600000,8.88,0.0
142,13,Instalación de lana,panel,Completed,7,Puente 3,9,Francisco Manuel Cares Riquelme,900001,Synthetic-1,SYN-1-02,1,TH Jardines,1,1000002,1100015,10,MW-1 (M-03 + F-02),2026-01-13 15:36:09.600000,2026-01-13 15:46:35.400000,10.43,0.0
143,14,Instalación y fijación de planchas OSB,panel,Completed,7,Puente 3,11,Sergio Alejandro Reyes Fuentealba,900001,Synthetic-1,SYN-1-02,1,TH Jardines,1,1000002,1100015,10,MW-1 (M-03 + F-02),2026-01-13 15:46:35.400000,2026-01-13 16:01:17.400000,14.7,0.0
144,20,Colgar panel en magazine ,panel,Completed,9,Puente 4,8,Alejandro Alexis Palma Zenteno,900001,Synthetic-1,SYN-1-02,1,TH Jardines,1,1000002,1100015,10,MW-1 (M-03 + F-02),2026-01-13 16:08:46.200000,2026-01-13 16:17:03.600000,8.29,0.0
145,1,Armado Panel,panel,Completed,1,Framing,2,Luis Eugenio Gonzalez Opazo,900001,Synthetic-1,SYN-1-02,1,TH Jardines,1,1000002,1100016,11,"MW-2 (M-05, F-04)",2026-01-13 12:59:45.600000,2026-01-13 13:22:10.800000,22.42,0.0
146,2,Instalación nylon y planchas,panel,Completed,2,Mesa 1,2,Luis Eugenio Gonzalez Opazo,900001,Synthetic-1,SYN-1-02,1,TH Jardines,1,1000002,1100016,11,"MW-2 (M-05, F-04)",2026-01-13 13:22:10.800000,2026-01-13 13:39:02.400000,16.86,0.0
147,7,Corcheteado Puente 1,panel,Completed,3,Puente 1,3,Juan Miguel Jara Lafargue,900001,Synthetic-1,SYN-1-02,1,TH Jardines,1,1000002,1100016,11,"MW-2 (M-05, F-04)",2026-01-13 13:58:17.400000,2026-01-13 14:06:40.800000,8.39,0.0
148,6,Fijación de planchas y revisión de dilatación,panel,Completed,3,Puente 1,12,Oscar Enrique Pincheira Osses,900001,Synthetic-1,SYN-1-02,1,TH Jardines,1,1000002,1100016,11,"MW-2 (M-05, F-04)",2026-01-13 14:06:40.800000,2026-01-13 14:22:12.600000,15.53,0.0
149,8,Retape de Corchetes,panel,Completed,4,Mesa 2,5,Jorge Dan Jara Domínguez,900001,Synthetic-1,SYN-1-02,1,TH Jardines,1,1000002,1100016,11,"MW-2 (M-05, F-04)",2026-01-13 14:22:12.600000,2026-01-13 14:31:43.200000,9.51,0.0
150,9,Fresado Puente 2 y Instalación cajas azules,panel,Completed,5,Puente 2,7,Pedro Ángel Cea Arias,900001,Synthetic-1,SYN-1-02,1,TH Jardines,1,1000002,1100016,11,"MW-2 (M-05, F-04)",2026-01-13 14:31:43.200000,2026-01-13 14:44:00.600000,12.29,0.0
151,16,Fresado PLA,panel,Completed,7,Puente 3,9,Francisco Manuel Cares Riquelme,900001,Synthetic-1,SYN-1-02,1,TH Jardines,1,1000002,1100016,11,"MW-2 (M-05, F-04)",2026-01-13 16:01:17.400000,2026-01-13 16:10:29.400000,9.2,0.0
152,13,Instalación de lana,panel,Completed,7,Puente 3,11,Sergio Alejandro Reyes Fuentealba,900001,Synthetic-1,SYN-1-02,1,TH Jardines,1,1000002,1100016,11,"MW-2 (M-05, F-04)",2026-01-13 16:10:29.400000,2026-01-13 16:21:31.200000,11.03,0.0
153,14,Instalación y fijación de planchas OSB,panel,Completed,7,Puente 3,9,Francisco Manuel Cares Riquelme,900001,Synthetic-1,SYN-1-02,1,TH Jardines,1,1000002,1100016,11,"MW-2 (M-05, F-04)",2026-01-13 16:21:31.200000,2026-01-13 16:36:31.800000,15.01,0.0
154,20,Colgar panel en magazine ,panel,Completed,9,Puente 4,11,Sergio Alejandro Reyes Fuentealba,900001,Synthetic-1,SYN-1-02,1,TH Jardines,1,1000002,1100016,11,"MW-2 (M-05, F-04)",2026-01-13 16:36:31.800000,2026-01-13 16:43:58.800000,7.45,0.0
155,1,Armado Panel,panel,Completed,1,Framing,1,Jonathan Miguel Iturra Barrientos,900001,Synthetic-1,SYN-1-02,1,TH Jardines,1,1000002,1100017,12,"MW-3 (T-06, T-07, T-08)",2026-01-13 13:22:10.800000,2026-01-13 13:39:10.200000,16.99,0.0
156,2,Instalación nylon y planchas,panel,Completed,2,Mesa 1,13,Jonathan Alexis Budaleo Alarcon,900001,Synthetic-1,SYN-1-02,1,TH Jardines,1,1000002,1100017,12,"MW-3 (T-06, T-07, T-08)",2026-01-13 13:39:10.200000,2026-01-13 13:48:44.400000,9.57,0.0
157,7,Corcheteado Puente 1,panel,Completed,3,Puente 1,2,Luis Eugenio Gonzalez Opazo,900001,Synthetic-1,SYN-1-02,1,TH Jardines,1,1000002,1100017,12,"MW-3 (T-06, T-07, T-08)",2026-01-13 14:22:12.600000,2026-01-13 14:29:42,7.49,0.0
158,6,Fijación de planchas y revisión de dilatación,panel,Completed,3,Puente 1,4,Yerko Alexander Paredes Astorga,900001,Synthetic-1,SYN-1-02,1,TH Jardines,1,1000002,1100017,12,"MW-3 (T-06, T-07, T-08)",2026-01-13 14:29:42,2026-01-13 14:39:33,9.85,0.0
159,8,Retape de Corchetes,panel,Completed,4,Mesa 2,14,Eduardo Andres Ormeño Parra,900001,Synthetic-1,SYN-1-02,1,TH Jardines,1,1000002,1100017,12,"MW-3 (T-06, T-07, T-08)",2026-01-13 14:39:33,2026-01-13 14:52:54,13.35,0.0
160,9,Fresado Puente 2 y Instalación cajas azules,panel,Completed,5,Puente 2,14,Eduardo Andres Ormeño Parra,900001,Synthetic-1,SYN-1-02,1,TH Jardines,1,1000002,1100017,12,"MW-3 (T-06, T-07, T-08)",2026-01-13 14:52:54,2026-01-13 15:02:38.400000,9.74,0.0
161,15,Corcheteado PLA,panel,Completed,7,Puente 3,11,Sergio Alejandro Reyes Fuentealba,900001,Synthetic-1,SYN-1-02,1,TH Jardines,1,1000002,1100017,12,"MW-3 (T-06, T-07, T-08)",2026-01-13 16:36:31.800000,2026-01-13 16:46:25.200000,9.89,0.0
162,16,Fresado PLA,panel,Completed,7,Puente 3,9,Francisco Manuel Cares Riquelme,900001,Synthetic-1,SYN-1-02,1,TH Jardines,1,1000002,1100017,12,"MW-3 (T-06, T-07, T-08)",2026-01-13 16:46:25.200000,2026-01-13 16:58:05.400000,11.67,0.0
163,22,Instalación Plancha de MDP,panel,Completed,7,Puente 3,11,Sergio Alejandro Reyes Fuentealba,900001,Synthetic-1,SYN-1-02,1,TH Jardines,1,1000002,1100017,12,"MW-3 (T-06, T-07, T-08)",2026-01-13 16:58:05.400000,2026-01-13 17:12:18,14.21,0.0
164,1,Armado Panel,panel,Completed,1,Framing,2,Luis Eugenio Gonzalez Opazo,900001,Synthetic-1,SYN-1-02,1,TH Jardines,1,1000002,1100018,14,T-06,2026-01-13 13:39:10.200000,2026-01-13 13:51:45.600000,12.59,0.0
165,2,Instalación nylon y planchas,panel,Completed,2,Mesa 1,4,Yerko Alexander Paredes Astorga,900001,Synthetic-1,SYN-1-02,1,TH Jardines,1,1000002,1100018,14,T-06,2026-01-13 13:51:45.600000,2026-01-13 13:59:04.800000,7.32,0.0
166,7,Corcheteado Puente 1,panel,Completed,3,Puente 1,3,Juan Miguel Jara Lafargue,900001,Synthetic-1,SYN-1-02,1,TH Jardines,1,1000002,1100018,14,T-06,2026-01-13 14:39:33,2026-01-13 14:50:39,11.1,0.0
167,6,Fijación de planchas y revisión de dilatación,panel,Completed,3,Puente 1,12,Oscar Enrique Pincheira Osses,900001,Synthetic-1,SYN-1-02,1,TH Jardines,1,1000002,1100018,14,T-06,2026-01-13 14:50:39,2026-01-13 14:57:22.200000,6.72,0.0
168,8,Retape de Corchetes,panel,Completed,4,Mesa 2,6,Juan Alex Elias Troncoso Cifuentes,900001,Synthetic-1,SYN-1-02,1,TH Jardines,1,1000002,1100018,14,T-06,2026-01-13 14:57:22.200000,2026-01-13 15:06:21,8.98,0.0
169,9,Fresado Puente 2 y Instalación cajas azules,panel,Completed,5,Puente 2,6,Juan Alex Elias Troncoso Cifuentes,900001,Synthetic-1,SYN-1-02,1,TH Jardines,1,1000002,1100018,14,T-06,2026-01-13 15:06:21,2026-01-13 15:13:42,7.35,0.0
170,1,Armado Panel,panel,Completed,1,Framing,1,Jonathan Miguel Iturra Barrientos,900001,Synthetic-1,SYN-1-02,1,TH Jardines,1,1000002,1100019,13,P-01,2026-01-13 13:51:45.600000,2026-01-13 14:13:03.600000,21.3,0.0
171,3,Instalación Membrana y planchas,panel,Completed,2,Mesa 1,12,Oscar Enrique Pincheira Osses,900001,Synthetic-1,SYN-1-02,1,TH Jardines,1,1000002,1100019,13,P-01,2026-01-13 14:13:03.600000,2026-01-13 14:31:31.800000,18.47,0.0
172,7,Corcheteado Puente 1,panel,Completed,3,Puente 1,2,Luis Eugenio Gonzalez Opazo,900001,Synthetic-1,SYN-1-02,1,TH Jardines,1,1000002,1100019,13,P-01,2026-01-13 14:57:22.200000,2026-01-13 15:04:10.200000,6.8,0.0
173,6,Fijación de planchas y revisión de dilatación,panel,Completed,3,Puente 1,4,Yerko Alexander Paredes Astorga,900001,Synthetic-1,SYN-1-02,1,TH Jardines,1,1000002,1100019,13,P-01,2026-01-13 15:04:10.200000,2026-01-13 15:12:14.400000,8.07,0.0
174,11,Pintura de Piso,panel,Completed,4,Mesa 2,5,Jorge Dan Jara Domínguez,900001,Synthetic-1,SYN-1-02,1,TH Jardines,1,1000002,1100019,13,P-01,2026-01-13 15:12:14.400000,2026-01-13 15:29:19.800000,17.09,0.0
175,12,Instalación de soleras,panel,Completed,5,Puente 2,5,Jorge Dan Jara Domínguez,900001,Synthetic-1,SYN-1-02,1,TH Jardines,1,1000002,1100019,13,P-01,2026-01-13 15:29:19.800000,2026-01-13 15:41:59.400000,12.66,0.0
176,1,Armado Panel,panel,Completed,1,Framing,2,Luis Eugenio Gonzalez Opazo,900001,Synthetic-1,SYN-1-02,1,TH Jardines,2,1000003,1100020,1,C-12,2026-01-13 14:13:03.600000,2026-01-13 14:35:02.400000,21.98,0.0
177,2,Instalación nylon y planchas,panel,Completed,2,Mesa 1,2,Luis Eugenio Gonzalez Opazo,900001,Synthetic-1,SYN-1-02,1,TH Jardines,2,1000003,1100020,1,C-12,2026-01-13 14:35:02.400000,2026-01-13 14:51:39,16.61,0.0
178,7,Corcheteado Puente 1,panel,Completed,3,Puente 1,3,Juan Miguel Jara Lafargue,900001,Synthetic-1,SYN-1-02,1,TH Jardines,2,1000003,1100020,1,C-12,2026-01-13 15:12:14.400000,2026-01-13 15:26:54.600000,14.67,0.0
179,6,Fijación de planchas y revisión de dilatación,panel,Completed,3,Puente 1,12,Oscar Enrique Pincheira Osses,900001,Synthetic-1,SYN-1-02,1,TH Jardines,2,1000003,1100020,1,C-12,2026-01-13 15:26:54.600000,2026-01-13 15:38:44.400000,11.83,0.0
180,8,Retape de Corchetes,panel,Completed,4,Mesa 2,14,Eduardo Andres Ormeño Parra,900001,Synthetic-1,SYN-1-02,1,TH Jardines,2,1000003,1100020,1,C-12,2026-01-13 15:38:44.400000,2026-01-13 15:49:40.800000,10.94,0.0
181,9,Fresado Puente 2 y Instalación cajas azules,panel,Completed,5,Puente 2,7,Pedro Ángel Cea Arias,900001,Synthetic-1,SYN-1-02,1,TH Jardines,2,1000003,1100020,1,C-12,2026-01-13 15:49:40.800000,2026-01-13 16:02:06,12.42,0.0
182,1,Armado Panel,panel,Completed,1,Framing,1,Jonathan Miguel Iturra Barrientos,900001,Synthetic-1,SYN-1-02,1,TH Jardines,2,1000003,1100021,2,M-03,2026-01-13 14:35:02.400000,2026-01-13 14:52:24.600000,17.37,0.0
183,2,Instalación nylon y planchas,panel,Completed,2,Mesa 1,13,Jonathan Alexis Budaleo Alarcon,900001,Synthetic-1,SYN-1-02,1,TH Jardines,2,1000003,1100021,2,M-03,2026-01-13 14:52:24.600000,2026-01-13 15:02:14.400000,9.83,0.0
184,7,Corcheteado Puente 1,panel,Completed,3,Puente 1,2,Luis Eugenio Gonzalez Opazo,900001,Synthetic-1,SYN-1-02,1,TH Jardines,2,1000003,1100021,2,M-03,2026-01-13 15:38:44.400000,2026-01-13 15:50:22.200000,11.63,0.0
185,6,Fijación de planchas y revisión de dilatación,panel,Completed,3,Puente 1,4,Yerko Alexander Paredes Astorga,900001,Synthetic-1,SYN-1-02,1,TH Jardines,2,1000003,1100021,2,M-03,2026-01-13 15:50:22.200000,2026-01-13 15:59:36.600000,9.24,0.0
186,8,Retape de Corchetes,panel,Completed,4,Mesa 2,6,Juan Alex Elias Troncoso Cifuentes,900001,Synthetic-1,SYN-1-02,1,TH Jardines,2,1000003,1100021,2,M-03,2026-01-13 15:59:36.600000,2026-01-13 16:07:18.600000,7.7,0.0
187,9,Fresado Puente 2 y Instalación cajas azules,panel,Completed,5,Puente 2,14,Eduardo Andres Ormeño Parra,900001,Synthetic-1,SYN-1-02,1,TH Jardines,2,1000003,1100021,2,M-03,2026-01-13 16:07:18.600000,2026-01-13 16:14:14.400000,6.93,0.0
188,1,Armado Panel,panel,Completed,1,Framing,2,Luis Eugenio Gonzalez Opazo,900001,Synthetic-1,SYN-1-02,1,TH Jardines,2,1000003,1100022,3,M-05,2026-01-13 14:52:24.600000,2026-01-13 15:13:35.400000,21.18,0.0
189,2,Instalación nylon y planchas,panel,Completed,2,Mesa 1,4,Yerko Alexander Paredes Astorga,900001,Synthetic-1,SYN-1-02,1,TH Jardines,2,1000003,1100022,3,M-05,2026-01-13 15:13:35.400000,2026-01-13 15:23:40.800000,10.09,0.0
190,7,Corcheteado Puente 1,panel,Completed,3,Puente 1,3,Juan Miguel Jara Lafargue,900001,Synthetic-1,SYN-1-02,1,TH Jardines,2,1000003,1100022,3,M-05,2026-01-13 15:59:36.600000,2026-01-13 16:10:55.800000,11.32,0.0
191,6,Fijación de planchas y revisión de dilatación,panel,Completed,3,Puente 1,12,Oscar Enrique Pincheira Osses,900001,Synthetic-1,SYN-1-02,1,TH Jardines,2,1000003,1100022,3,M-05,2026-01-13 16:10:55.800000,2026-01-13 16:20:42.600000,9.78,0.0
192,8,Retape de Corchetes,panel,Completed,4,Mesa 2,5,Jorge Dan Jara Domínguez,900001,Synthetic-1,SYN-1-02,1,TH Jardines,2,1000003,1100022,3,M-05,2026-01-13 16:20:42.600000,2026-01-13 16:29:33.600000,8.85,0.0
193,9,Fresado Puente 2 y Instalación cajas azules,panel,Completed,5,Puente 2,6,Juan Alex Elias Troncoso Cifuentes,900001,Synthetic-1,SYN-1-02,1,TH Jardines,2,1000003,1100022,3,M-05,2026-01-13 16:29:33.600000,2026-01-13 16:37:01.200000,7.46,0.0
194,1,Armado Panel,panel,Completed,1,Framing,1,Jonathan Miguel Iturra Barrientos,900001,Synthetic-1,SYN-1-02,1,TH Jardines,2,1000003,1100023,4,Vigas Cajón,2026-01-13 15:13:35.400000,2026-01-13 15:26:57,13.36,0.0
195,2,Instalación nylon y planchas,panel,Completed,2,Mesa 1,12,Oscar Enrique Pincheira Osses,900001,Synthetic-1,SYN-1-02,1,TH Jardines,2,1000003,1100023,4,Vigas Cajón,2026-01-13 15:26:57,2026-01-13 15:45:07.800000,18.18,0.0
196,7,Corcheteado Puente 1,panel,Completed,3,Puente 1,2,Luis Eugenio Gonzalez Opazo,900001,Synthetic-1,SYN-1-02,1,TH Jardines,2,1000003,1100023,4,Vigas Cajón,2026-01-13 16:20:42.600000,2026-01-13 16:29:28.200000,8.76,0.0
197,6,Fijación de planchas y revisión de dilatación,panel,Completed,3,Puente 1,4,Yerko Alexander Paredes Astorga,900001,Synthetic-1,SYN-1-02,1,TH Jardines,2,1000003,1100023,4,Vigas Cajón,2026-01-13 16:29:28.200000,2026-01-13 16:36:28.800000,7.01,0.0
198,25,Fresado y Corte Viga Cajón,panel,Completed,5,Puente 2,5,Jorge Dan Jara Domínguez,900001,Synthetic-1,SYN-1-02,1,TH Jardines,2,1000003,1100023,4,Vigas Cajón,2026-01-13 16:37:01.200000,2026-01-13 16:55:36.600000,18.59,0.0
199,21,Instalación de vigas cajón ,panel,Completed,9,Puente 4,9,Francisco Manuel Cares Riquelme,900001,Synthetic-1,SYN-1-02,1,TH Jardines,2,1000003,1100023,4,Vigas Cajón,2026-01-13 16:55:36.600000,2026-01-13 17:13:45.600000,18.15,0.0
200,1,Armado Panel,panel,Completed,1,Framing,2,Luis Eugenio Gonzalez Opazo,900001,Synthetic-1,SYN-1-02,1,TH Jardines,2,1000003,1100024,5,MW-1 (T 06-07-08-09-10-11),2026-01-13 15:26:57,2026-01-13 15:44:35.400000,17.64,0.0
201,2,Instalación nylon y planchas,panel,Completed,2,Mesa 1,2,Luis Eugenio Gonzalez Opazo,900001,Synthetic-1,SYN-1-02,1,TH Jardines,2,1000003,1100024,5,MW-1 (T 06-07-08-09-10-11),2026-01-13 15:45:07.800000,2026-01-13 15:51:36,6.47,0.0
202,7,Corcheteado Puente 1,panel,Completed,3,Puente 1,3,Juan Miguel Jara Lafargue,900001,Synthetic-1,SYN-1-02,1,TH Jardines,2,1000003,1100024,5,MW-1 (T 06-07-08-09-10-11),2026-01-13 16:36:28.800000,2026-01-13 16:47:13.800000,10.75,0.0
203,6,Fijación de planchas y revisión de dilatación,panel,Completed,3,Puente 1,12,Oscar Enrique Pincheira Osses,900001,Synthetic-1,SYN-1-02,1,TH Jardines,2,1000003,1100024,5,MW-1 (T 06-07-08-09-10-11),2026-01-13 16:47:13.800000,2026-01-13 17:04:28.800000,17.25,0.0
204,1,Armado Panel,panel,Completed,1,Framing,1,Jonathan Miguel Iturra Barrientos,900001,Synthetic-1,SYN-1-02,1,TH Jardines,2,1000003,1100025,6,F-02,2026-01-13 15:44:35.400000,2026-01-13 15:54:42,10.11,0.0
205,2,Instalación nylon y planchas,panel,Completed,2,Mesa 1,13,Jonathan Alexis Budaleo Alarcon,900001,Synthetic-1,SYN-1-02,1,TH Jardines,2,1000003,1100025,6,F-02,2026-01-13 15:54:42,2026-01-13 16:05:53.400000,11.19,0.0
206,1,Armado Panel,panel,Completed,1,Framing,2,Luis Eugenio Gonzalez Opazo,900001,Synthetic-1,SYN-1-02,1,TH Jardines,2,1000003,1100026,7,F-04,2026-01-13 15:54:42,2026-01-13 16:08:27.600000,13.76,0.0
207,2,Instalación nylon y planchas,panel,Completed,2,Mesa 1,4,Yerko Alexander Paredes Astorga,900001,Synthetic-1,SYN-1-02,1,TH Jardines,2,1000003,1100026,7,F-04,2026-01-13 16:08:27.600000,2026-01-13 16:15:28.800000,7.02,0.0
208,1,Armado Panel,panel,Completed,1,Framing,1,Jonathan Miguel Iturra Barrientos,900001,Synthetic-1,SYN-1-02,1,TH Jardines,2,1000003,1100027,8,P-01,2026-01-13 16:08:27.600000,2026-01-13 16:36:10.800000,27.72,0.0
209,4,Instalación ángulos y sus fijaciones,panel,Completed,2,Mesa 1,12,Oscar Enrique Pincheira Osses,900001,Synthetic-1,SYN-1-02,1,TH Jardines,2,1000003,1100027,8,P-01,2026-01-13 16:36:10.800000,2026-01-13 16:59:51.600000,23.68,0.0
210,12,Instalación de soleras,panel,Completed,5,Puente 2,7,Pedro Ángel Cea Arias,900001,Synthetic-1,SYN-1-02,1,TH Jardines,2,1000003,1100027,8,P-01,2026-01-13 16:59:51.600000,2026-01-13 17:08:27.600000,8.6,0.0
211,1,Armado Panel,panel,Completed,1,Framing,2,Luis Eugenio Gonzalez Opazo,900002,Synthetic-2,SYN-2-01,2,TH-XS,1,1000004,1100028,16,C-10,2026-01-13 16:36:10.800000,2026-01-13 16:53:00.600000,16.83,0.0
212,2,Instalación nylon y planchas,panel,Completed,2,Mesa 1,2,Luis Eugenio Gonzalez Opazo,900002,Synthetic-2,SYN-2-01,2,TH-XS,1,1000004,1100028,16,C-10,2026-01-13 16:59:51.600000,2026-01-13 17:23:34.200000,23.71,0.0
213,1,Armado Panel,panel,Completed,1,Framing,1,Jonathan Miguel Iturra Barrientos,900002,Synthetic-2,SYN-2-01,2,TH-XS,1,1000004,1100029,17,MULTIWALL 1,2026-01-13 16:53:00.600000,2026-01-13 17:10:51.600000,17.85,0.0
214,26,Armado de Modulo + Refuerzo Escala,module,Completed,11,Armado,15,Carlos Simon Vega Jerez,900000,Synthetic-1,SYN-1-01,1,TH Jardines,1,1000000,,,,2026-01-13 12:35:56.400000,2026-01-13 12:55:46.800000,19.84,0.0
215,27,Armado módulo,module,Completed,11,Armado,16,Carlos Eduardo Rebolledo Gomez,900000,Synthetic-1,SYN-1-01,1,TH Jardines,1,1000000,,,,2026-01-13 12:55:46.800000,2026-01-13 13:14:37.800000,18.85,0.0
216,31,Bajada de canalizado,module,Completed,11,Armado,17,Joaquin Ernesto Contreras Vergara,900000,Synthetic-1,SYN-1-01,1,TH Jardines,1,1000000,,,,2026-01-13 13:14:37.800000,2026-01-13 13:36:12.600000,21.58,0.0
217,33,Cajon Escalera Instalacion,module,Completed,11,Armado,18,Alexander Manuel Nuñez Nuñez,900000,Synthetic-1,SYN-1-01,1,TH Jardines,1,1000000,,,,2026-01-13 13:36:12.600000,2026-01-13 13:57:00.600000,20.8,0.0
218,42,Impermeabilización de vanos de puertas exteriores módulo 1 (antes de piso spc) Y PISO BAÑO (DE 45 A 90 CONSIDERANDO TIEMPO DE SECADO),module,Completed,11,Armado,19,Camila Andrea Vasquez Aravena,900000,Synthetic-1,SYN-1-01,1,TH Jardines,1,1000000,,,,2026-01-13 13:57:00.600000,2026-01-13 14:20:44.400000,23.73,0.0
219,89,Movimiento Armado,module,Completed,11,Armado,52,Felipe Andres Tapia Montero,900000,Synthetic-1,SYN-1-01,1,TH Jardines,1,1000000,,,,2026-01-13 14:20:44.400000,2026-01-13 14:40:39.600000,19.92,0.0
220,90,Movimiento módulo cambio de estación A-T1,module,Completed,11,Armado,53,Jorge Boris Arce Gutierrez,900000,Synthetic-1,SYN-1-01,1,TH Jardines,1,1000000,,,,2026-01-13 14:40:39.600000,2026-01-13 14:59:55.200000,19.26,0.0
221,97,Pilar escalera (MADERA),module,Completed,11,Armado,15,Carlos Simon Vega Jerez,900000,Synthetic-1,SYN-1-01,1,TH Jardines,1,1000000,,,,2026-01-13 14:59:55.200000,2026-01-13 15:21:46.800000,21.86,0.0
222,109,RECORRIDO segunda mano BAÑO Y COCINA CONSIDERANDO CIELO Y MURO,module,Completed,11,Armado,16,Carlos Eduardo Rebolledo Gomez,900000,Synthetic-1,SYN-1-01,1,TH Jardines,1,1000000,,,,2026-01-13 15:21:46.800000,2026-01-13 15:44:28.800000,22.7,0.0
223,28,Artefactado eléctrico,module,Completed,14,Estacion 1,20,Alejandro Ignacio Silva Castro,900000,Synthetic-1,SYN-1-01,1,TH Jardines,1,1000000,,,,2026-01-13 15:44:28.800000,2026-01-13 16:08:48.600000,24.33,0.0
224,37,Conexión de circuitos,module,Completed,14,Estacion 1,21,Ivan Alejandro Carrasco Muñoz,900000,Synthetic-1,SYN-1-01,1,TH Jardines,1,1000000,,,,2026-01-13 16:08:48.600000,2026-01-13 16:27:37.200000,18.81,0.0
225,38,Corcheteado Yeso Carton,module,Completed,14,Estacion 1,23,Celso Andrés Martinez Zambrano,900000,Synthetic-1,SYN-1-01,1,TH Jardines,1,1000000,,,,2026-01-13 16:27:37.200000,2026-01-13 16:51:36,23.98,0.0
226,51,Instalacion de Perfiles PVC,module,Completed,14,Estacion 1,25,Raul Claudio Cortez Molina,900000,Synthetic-1,SYN-1-01,1,TH Jardines,1,1000000,,,,2026-01-13 16:51:36,2026-01-13 17:16:25.800000,24.83,0.0
227,26,Armado de Modulo + Refuerzo Escala,module,Completed,12,Armado,15,Carlos Simon Vega Jerez,900000,Synthetic-1,SYN-1-01,1,TH Jardines,2,1000001,,,,2026-01-13 15:59:55.200000,2026-01-13 16:24:45.600000,24.84,0.0
228,27,Armado módulo,module,Completed,12,Armado,16,Carlos Eduardo Rebolledo Gomez,900000,Synthetic-1,SYN-1-01,1,TH Jardines,2,1000001,,,,2026-01-13 16:24:45.600000,2026-01-13 16:41:55.200000,17.16,0.0
229,31,Bajada de canalizado,module,Completed,12,Armado,17,Joaquin Ernesto Contreras Vergara,900000,Synthetic-1,SYN-1-01,1,TH Jardines,2,1000001,,,,2026-01-13 16:41:55.200000,2026-01-13 17:01:20.400000,19.42,0.0
230,26,Armado de Modulo + Refuerzo Escala,module,Completed,13,Armado,15,Carlos Simon Vega Jerez,900002,Synthetic-2,SYN-2-01,2,TH-XS,2,1000005,,,,2026-01-13 08:00:00,2026-01-13 08:23:28.800000,23.48,0.0
231,27,Armado módulo,module,Completed,13,Armado,16,Carlos Eduardo Rebolledo Gomez,900002,Synthetic-2,SYN-2-01,2,TH-XS,2,1000005,,,,2026-01-13 08:23:28.800000,2026-01-13 08:39:50.400000,16.36,0.0
232,31,Bajada de canalizado,module,Completed,13,Armado,17,Joaquin Ernesto Contreras Vergara,900002,Synthetic-2,SYN-2-01,2,TH-XS,2,1000005,,,,2026-01-13 08:39:50.400000,2026-01-13 08:59:24,19.56,0.0
233,33,Cajon Escalera Instalacion,module,Completed,13,Armado,18,Alexander Manuel Nuñez Nuñez,900002,Synthetic-2,SYN-2-01,2,TH-XS,2,1000005,,,,2026-01-13 08:59:24,2026-01-13 09:21:55.200000,22.52,0.0
234,42,Impermeabilización de vanos de puertas exteriores módulo 1 (antes de piso spc) Y PISO BAÑO (DE 45 A 90 CONSIDERANDO TIEMPO DE SECADO),module,Completed,13,Armado,19,Camila Andrea Vasquez Aravena,900002,Synthetic-2,SYN-2-01,2,TH-XS,2,1000005,,,,2026-01-13 09:21:55.200000,2026-01-13 09:44:44.400000,22.82,0.0
235,89,Movimiento Armado,module,Completed,13,Armado,52,Felipe Andres Tapia Montero,900002,Synthetic-2,SYN-2-01,2,TH-XS,2,1000005,,,,2026-01-13 09:44:44.400000,2026-01-13 10:05:33.600000,20.82,0.0
236,90,Movimiento módulo cambio de estación A-T1,module,Completed,13,Armado,53,Jorge Boris Arce Gutierrez,900002,Synthetic-2,SYN-2-01,2,TH-XS,2,1000005,,,,2026-01-13 10:05:33.600000,2026-01-13 10:23:27,17.89,0.0
237,97,Pilar escalera (MADERA),module,Completed,13,Armado,15,Carlos Simon Vega Jerez,900002,Synthetic-2,SYN-2-01,2,TH-XS,2,1000005,,,,2026-01-13 10:23:27,2026-01-13 10:43:06.600000,19.66,0.0
238,109,RECORRIDO segunda mano BAÑO Y COCINA CONSIDERANDO CIELO Y MURO,module,Completed,13,Armado,16,Carlos Eduardo Rebolledo Gomez,900002,Synthetic-2,SYN-2-01,2,TH-XS,2,1000005,,,,2026-01-13 10:43:06.600000,2026-01-13 10:59:38.400000,16.53,0.0
239,28,Artefactado eléctrico,module,Completed,16,Estacion 1,20,Alejandro Ignacio Silva Castro,900002,Synthetic-2,SYN-2-01,2,TH-XS,2,1000005,,,,2026-01-13 10:59:38.400000,2026-01-13 11:18:28.800000,18.84,0.0
240,37,Conexión de circuitos,module,Completed,16,Estacion 1,21,Ivan Alejandro Carrasco Muñoz,900002,Synthetic-2,SYN-2-01,2,TH-XS,2,1000005,,,,2026-01-13 11:18:28.800000,2026-01-13 11:38:19.800000,19.85,0.0
241,38,Corcheteado Yeso Carton,module,Completed,16,Estacion 1,23,Celso Andrés Martinez Zambrano,900002,Synthetic-2,SYN-2-01,2,TH-XS,2,1000005,,,,2026-01-13 11:38:19.800000,2026-01-13 12:01:44.400000,23.41,0.0
242,51,Instalacion de Perfiles PVC,module,Completed,16,Estacion 1,25,Raul Claudio Cortez Molina,900002,Synthetic-2,SYN-2-01,2,TH-XS,2,1000005,,,,2026-01-13 12:01:44.400000,2026-01-13 12:23:02.400000,21.3,0.0
243,44,Instalacion Lana Gasfiteríaia,module,Completed,16,Estacion 1,26,Carlos Enrique Astorga Nuñez,900002,Synthetic-2,SYN-2-01,2,TH-XS,2,1000005,,,,2026-01-13 12:23:02.400000,2026-01-13 12:42:46.200000,19.73,0.0
244,46,Instalacion Piso SPC,module,Completed,16,Estacion 1,27,Luis Henry Recabal Azoláz,900002,Synthetic-2,SYN-2-01,2,TH-XS,2,1000005,,,,2026-01-13 12:42:46.200000,2026-01-13 13:00:58.800000,18.21,0.0
245,49,Instalacion Tina (1.20),module,Completed,16,Estacion 1,28,Pedro Ramon Ruiz Diaz,900002,Synthetic-2,SYN-2-01,2,TH-XS,2,1000005,,,,2026-01-13 13:00:58.800000,2026-01-13 13:19:49.200000,18.84,0.0
246,54,Instalación Atril Tina,module,Completed,16,Estacion 1,30,Michael Antonio Poblete Pérez,900002,Synthetic-2,SYN-2-01,2,TH-XS,2,1000005,,,,2026-01-13 13:19:49.200000,2026-01-13 13:41:51.600000,22.04,0.0
247,60,"Instalación de Red de Agua Portable y Sanitaria, Gasfiteríaia Cocina/Baño",module,Completed,16,Estacion 1,52,Felipe Andres Tapia Montero,900002,Synthetic-2,SYN-2-01,2,TH-XS,2,1000005,,,,2026-01-13 13:41:51.600000,2026-01-13 14:01:52.200000,20.01,0.0
248,64,Instalación lana de vidrio muro,module,Completed,16,Estacion 1,54,Constanza Monserrat Rocha Campos,900002,Synthetic-2,SYN-2-01,2,TH-XS,2,1000005,,,,2026-01-13 14:01:52.200000,2026-01-13 14:19:25.800000,17.56,0.0
249,69,Instalación piso alfombra,module,Completed,16,Estacion 1,24,David Ambrosio Jofre Inostroza,900002,Synthetic-2,SYN-2-01,2,TH-XS,2,1000005,,,,2026-01-13 14:19:25.800000,2026-01-13 14:42:49.800000,23.4,0.0
250,78,Lijado Baño Cocina,module,Completed,16,Estacion 1,55,Carlos Román Ruiz Sanzana,900002,Synthetic-2,SYN-2-01,2,TH-XS,2,1000005,,,,2026-01-13 14:42:49.800000,2026-01-13 15:04:00.600000,21.18,0.0
251,82,Mitigacion Piso Alfombra,module,Completed,16,Estacion 1,53,Jorge Boris Arce Gutierrez,900002,Synthetic-2,SYN-2-01,2,TH-XS,2,1000005,,,,2026-01-13 15:04:00.600000,2026-01-13 15:28:43.200000,24.71,0.0
252,83,Mitigacion Piso SPC,module,Completed,16,Estacion 1,22,Hellen Del Pilar Osses Carrillo,900002,Synthetic-2,SYN-2-01,2,TH-XS,2,1000005,,,,2026-01-13 15:28:43.200000,2026-01-13 15:49:33,20.83,0.0
253,88,Montaje TDA,module,Completed,16,Estacion 1,20,Alejandro Ignacio Silva Castro,900002,Synthetic-2,SYN-2-01,2,TH-XS,2,1000005,,,,2026-01-13 15:49:33,2026-01-13 16:11:09.600000,21.61,0.0
254,91,Movimiento módulo cambio de estación T1-T2,module,Completed,16,Estacion 1,21,Ivan Alejandro Carrasco Muñoz,900002,Synthetic-2,SYN-2-01,2,TH-XS,2,1000005,,,,2026-01-13 16:11:09.600000,2026-01-13 16:31:00.600000,19.85,0.0
255,101,Polietileno en Baño,module,Completed,16,Estacion 1,23,Celso Andrés Martinez Zambrano,900002,Synthetic-2,SYN-2-01,2,TH-XS,2,1000005,,,,2026-01-13 16:31:00.600000,2026-01-13 16:52:28.800000,21.47,0.0
256,104,Prueba de Estanqueidad Tina,module,Completed,16,Estacion 1,25,Raul Claudio Cortez Molina,900002,Synthetic-2,SYN-2-01,2,TH-XS,2,1000005,,,,2026-01-13 16:52:28.800000,2026-01-13 17:16:45,24.27,0.0
257,26,Armado de Modulo + Refuerzo Escala,module,Completed,11,Armado,17,Joaquin Ernesto Contreras Vergara,900003,Synthetic-2,SYN-2-02,2,TH-XS,1,1000006,,,,2026-01-13 15:44:28.800000,2026-01-13 16:09:18.600000,24.83,0.0
258,27,Armado módulo,module,Completed,11,Armado,18,Alexander Manuel Nuñez Nuñez,900003,Synthetic-2,SYN-2-02,2,TH-XS,1,1000006,,,,2026-01-13 16:09:18.600000,2026-01-13 16:31:15.600000,21.95,0.0
259,31,Bajada de canalizado,module,Completed,11,Armado,19,Camila Andrea Vasquez Aravena,900003,Synthetic-2,SYN-2-02,2,TH-XS,1,1000006,,,,2026-01-13 16:31:15.600000,2026-01-13 16:51:07.800000,19.87,0.0
260,33,Cajon Escalera Instalacion,module,Completed,11,Armado,52,Felipe Andres Tapia Montero,900003,Synthetic-2,SYN-2-02,2,TH-XS,1,1000006,,,,2026-01-13 16:51:07.800000,2026-01-13 17:07:41.400000,16.56,0.0
261,26,Armado de Modulo + Refuerzo Escala,module,Completed,13,Armado,17,Joaquin Ernesto Contreras Vergara,900004,Synthetic-3,SYN-3-01,3,Accesible ,1,1000008,,,,2026-01-13 10:59:38.400000,2026-01-13 11:19:04.800000,19.44,0.0
262,27,Armado módulo,module,Completed,13,Armado,18,Alexander Manuel Nuñez Nuñez,900004,Synthetic-3,SYN-3-01,3,Accesible ,1,1000008,,,,2026-01-13 11:19:04.800000,2026-01-13 11:35:35.400000,16.51,0.0
263,31,Bajada de canalizado,module,Completed,13,Armado,19,Camila Andrea Vasquez Aravena,900004,Synthetic-3,SYN-3-01,3,Accesible ,1,1000008,,,,2026-01-13 11:35:35.400000,2026-01-13 11:51:54,16.31,0.0
264,33,Cajon Escalera Instalacion,module,Completed,13,Armado,52,Felipe Andres Tapia Montero,900004,Synthetic-3,SYN-3-01,3,Accesible ,1,1000008,,,,2026-01-13 11:51:54,2026-01-13 12:11:24.600000,19.51,0.0
265,42,Impermeabilización de vanos de puertas exteriores módulo 1 (antes de piso spc) Y PISO BAÑO (DE 45 A 90 CONSIDERANDO TIEMPO DE SECADO),module,Completed,13,Armado,53,Jorge Boris Arce Gutierrez,900004,Synthetic-3,SYN-3-01,3,Accesible ,1,1000008,,,,2026-01-13 12:11:24.600000,2026-01-13 12:36:10.800000,24.77,0.0
266,89,Movimiento Armado,module,Completed,13,Armado,15,Carlos Simon Vega Jerez,900004,Synthetic-3,SYN-3-01,3,Accesible ,1,1000008,,,,2026-01-13 12:36:10.800000,2026-01-13 12:58:51,22.67,0.0
267,90,Movimiento módulo cambio de estación A-T1,module,Completed,13,Armado,16,Carlos Eduardo Rebolledo Gomez,900004,Synthetic-3,SYN-3-01,3,Accesible ,1,1000008,,,,2026-01-13 12:58:51,2026-01-13 13:21:13.800000,22.38,0.0
268,97,Pilar escalera (MADERA),module,Completed,13,Armado,17,Joaquin Ernesto Contreras Vergara,900004,Synthetic-3,SYN-3-01,3,Accesible ,1,1000008,,,,2026-01-13 13:21:13.800000,2026-01-13 13:43:15,22.02,0.0
269,109,RECORRIDO segunda mano BAÑO Y COCINA CONSIDERANDO CIELO Y MURO,module,Completed,13,Armado,18,Alexander Manuel Nuñez Nuñez,900004,Synthetic-3,SYN-3-01,3,Accesible ,1,1000008,,,,2026-01-13 13:43:15,2026-01-13 14:01:42.600000,18.46,0.0
270,26,Armado de Modulo + Refuerzo Escala,module,Completed,13,Armado,19,Camila Andrea Vasquez Aravena,900005,Synthetic-3,SYN-3-02,3,Accesible ,2,1000011,,,,2026-01-13 14:01:42.600000,2026-01-13 14:18:16.800000,16.57,0.0
271,27,Armado módulo,module,Completed,13,Armado,52,Felipe Andres Tapia Montero,900005,Synthetic-3,SYN-3-02,3,Accesible ,2,1000011,,,,2026-01-13 14:18:16.800000,2026-01-13 14:39:34.200000,21.29,0.0
272,31,Bajada de canalizado,module,Completed,13,Armado,53,Jorge Boris Arce Gutierrez,900005,Synthetic-3,SYN-3-02,3,Accesible ,2,1000011,,,,2026-01-13 14:39:34.200000,2026-01-13 15:00:12,20.63,0.0
273,33,Cajon Escalera Instalacion,module,Completed,13,Armado,15,Carlos Simon Vega Jerez,900005,Synthetic-3,SYN-3-02,3,Accesible ,2,1000011,,,,2026-01-13 15:00:12,2026-01-13 15:21:04.800000,20.88,0.0
274,42,Impermeabilización de vanos de puertas exteriores módulo 1 (antes de piso spc) Y PISO BAÑO (DE 45 A 90 CONSIDERANDO TIEMPO DE SECADO),module,Completed,13,Armado,16,Carlos Eduardo Rebolledo Gomez,900005,Synthetic-3,SYN-3-02,3,Accesible ,2,1000011,,,,2026-01-13 15:21:04.800000,2026-01-13 15:38:10.200000,17.09,0.0
275,89,Movimiento Armado,module,Completed,13,Armado,17,Joaquin Ernesto Contreras Vergara,900005,Synthetic-3,SYN-3-02,3,Accesible ,2,1000011,,,,2026-01-13 15:38:10.200000,2026-01-13 15:54:46.800000,16.61,0.0
276,90,Movimiento módulo cambio de estación A-T1,module,Completed,13,Armado,18,Alexander Manuel Nuñez Nuñez,900005,Synthetic-3,SYN-3-02,3,Accesible ,2,1000011,,,,2026-01-13 15:54:46.800000,2026-01-13 16:15:02.400000,20.26,0.0
277,97,Pilar escalera (MADERA),module,Completed,13,Armado,19,Camila Andrea Vasquez Aravena,900005,Synthetic-3,SYN-3-02,3,Accesible ,2,1000011,,,,2026-01-13 16:15:02.400000,2026-01-13 16:32:21,17.31,0.0
278,109,RECORRIDO segunda mano BAÑO Y COCINA CONSIDERANDO CIELO Y MURO,module,Completed,13,Armado,52,Felipe Andres Tapia Montero,900005,Synthetic-3,SYN-3-02,3,Accesible ,2,1000011,,,,2026-01-13 16:32:21,2026-01-13 16:54:07.200000,21.77,0.0
279,27,Armado módulo,module,Completed,13,Armado,53,Jorge Boris Arce Gutierrez,900008,Synthetic-5,SYN-5-01,5,Puelo Original ,1,1000014,,,,2026-01-13 16:54:07.200000,2026-01-13 18:36:30,102.38,0.0
